{"stats":{"minecraft:used":{"backpacked:crimson_backpack_shelf":2,"minecraft:crafting_table":1,"minecraft:iron_axe":3},"minecraft:picked_up":{"backpacked:crimson_backpack_shelf":1,"minecraft:mutton":2,"minecraft:white_wool":2},"minecraft:dropped":{"minecraft:leather_leggings":1,"minecraft:leather_chestplate":1,"backpacked:crimson_backpack_shelf":2,"minecraft:shield":1,"minecraft:iron_pickaxe":1,"backpacked:backpack":1,"minecraft:cooked_porkchop":64,"minecraft:leather_helmet":1,"minecraft:leather_boots":1},"minecraft:crafted":{"minecraft:leather_helmet":3,"minecraft:leather_leggings":3,"minecraft:leather_boots":3,"minecraft:leather_chestplate":3},"minecraft:custom":{"minecraft:time_since_rest":18379,"minecraft:sprint_one_cm":9009,"minecraft:crouch_one_cm":4207,"minecraft:play_time":18379,"minecraft:walk_one_cm":17896,"minecraft:sneak_time":2566,"minecraft:mob_kills":2,"minecraft:drop":10,"minecraft:jump":95,"minecraft:damage_dealt":170,"minecraft:leave_game":1,"minecraft:time_since_death":18379,"minecraft:total_world_time":18379,"minecraft:interact_with_crafting_table":4,"minecraft:fly_one_cm":452297},"minecraft:killed":{"minecraft:sheep":2}},"DataVersion":3465}