{"stats":{"minecraft:broken":{"minecraft:iron_pickaxe":1},"minecraft:dropped":{"minecraft:iron_sword":1,"minecraft:crafting_table":1,"minecraft:cooked_porkchop":65,"minecraft:experience_bottle":1,"sophisticatedbackpacks:backpack":1,"minecraft:leather_helmet":1,"minecraft:leather_chestplate":1,"minecraft:shield":1,"minecraft:leather_boots":1,"sophisticatedbackpacks:netherite_backpack":3,"minecraft:leather_leggings":1,"minecraft:white_banner":1,"minecraft:iron_axe":1,"minecraft:bow":1,"minecraft:iron_pickaxe":1,"farmersdelight:sandy_shrub":3},"minecraft:used":{"minecraft:iron_shovel":16,"minecraft:spruce_door":2,"minecraft:oak_planks":222,"tacz:gun_smith_table":2,"minecraft:chest":3,"minecraft:shield":31,"minecraft:stonecutter":1,"minecraft:torch":70,"minecraft:mossy_cobblestone":8,"minecraft:sand":204,"minecraft:crafting_table":3,"minecraft:blast_furnace":2,"farmersdelight:sandy_shrub":4,"minecraft:white_bed":3,"minecraft:spruce_log":43,"minecraft:stone_brick_slab":89,"minecraft:oak_stairs":20,"minecraft:iron_axe":144,"minecraft:iron_pickaxe":356,"minecraft:stone_brick_stairs":6,"minecraft:stone_bricks":88,"minecraft:glowstone":4,"minecraft:cobblestone":329,"minecraft:furnace":2,"minecraft:cooked_porkchop":17},"minecraft:crafted":{"minecraft:oak_planks":8,"iceandfire:silver_ingot":4,"minecraft:leather_leggings":3,"minecraft:leather_boots":3,"minecraft:copper_ingot":95,"minecraft:leather_helmet":3,"minecraft:air":0,"minecraft:stick":4,"minecraft:iron_ingot":61,"minecraft:leather_chestplate":3,"minecraft:iron_pickaxe":1,"minecraft:white_bed":1,"sophisticatedbackpacks:netherite_backpack":4,"minecraft:torch":28},"minecraft:custom":{"minecraft:interact_with_furnace":22,"minecraft:mob_kills":42,"minecraft:interact_with_crafting_table":17,"minecraft:raid_trigger":1,"minecraft:damage_dealt_resisted":273,"minecraft:leave_game":4,"minecraft:time_since_death":177344,"minecraft:sleep_in_bed":1,"minecraft:time_since_rest":26690,"minecraft:sprint_one_cm":217926,"minecraft:damage_taken":1204,"minecraft:walk_one_cm":355177,"minecraft:damage_blocked_by_shield":520,"minecraft:drop":24,"minecraft:damage_dealt":8581,"minecraft:damage_dealt_absorbed":22,"minecraft:swim_one_cm":22751,"minecraft:fly_one_cm":3348548,"minecraft:open_chest":27,"minecraft:crouch_one_cm":55248,"minecraft:play_time":177344,"minecraft:sneak_time":22651,"minecraft:walk_under_water_one_cm":2388,"minecraft:jump":1995,"minecraft:interact_with_blast_furnace":17,"minecraft:walk_on_water_one_cm":4471,"minecraft:total_world_time":177344,"minecraft:fall_one_cm":50280},"minecraft:picked_up":{"iceandfire:deathworm_egg":1,"iceandfire:dragon_skull_lightning":1,"minecraft:andesite":1,"minecraft:leather":6,"minecraft:potato":1,"minecraft:flint":1,"minecraft:oak_log":26,"iceandfire:ectoplasm":1,"minecraft:string":2,"minecraft:dirt":15,"minecraft:white_banner":1,"minecraft:raw_copper":95,"minecraft:bone":2,"minecraft:apple":2,"minecraft:bow":1,"iceandfire:bestiary":1,"minecraft:wheat_seeds":5,"minecraft:beef":11,"sophisticatedbackpacks:netherite_backpack":2,"iceandfire:dragonbone":31,"minecraft:raw_iron":61,"minecraft:stick":7,"iceandfire:deathworm_chitin_red":8,"minecraft:gravel":5,"minecraft:sand":5,"minecraft:diorite":1,"minecraft:white_bed":2,"iceandfire:deathworm_chitin_white":7,"iceandfire:deathworm_egg_giant":1,"minecraft:mossy_cobblestone":25,"minecraft:arrow":1,"minecraft:rotten_flesh":17,"iceandfire:deathworm_chitin_yellow":2,"minecraft:emerald":2,"minecraft:oak_sapling":6,"iceandfire:raw_silver":4,"minecraft:mutton":6,"minecraft:coal":120,"minecraft:white_wool":4,"minecraft:cobblestone":91},"minecraft:killed":{"alexsmobs:tarantula_hawk":1,"minecraft:spider":1,"minecraft:sheep":5,"minecraft:skeleton":4,"minecraft:pillager":1,"minecraft:zombie":14,"iceandfire:deathworm":9,"minecraft:cow":6},"minecraft:mined":{"minecraft:white_bed":2,"iceandfire:silver_ore":2,"minecraft:mossy_cobblestone":26,"minecraft:emerald_ore":1,"minecraft:grass_block":16,"minecraft:tall_grass":2,"minecraft:copper_ore":28,"minecraft:cobblestone":35,"minecraft:deepslate_coal_ore":2,"minecraft:spruce_leaves":4,"minecraft:diorite":1,"farmersdelight:wild_onions":3,"minecraft:iron_ore":60,"minecraft:andesite":1,"treechop:chopped_log":4,"minecraft:grass":13,"minecraft:coal_ore":120,"minecraft:deepslate_iron_ore":1,"minecraft:gravel":6,"minecraft:sand":6,"minecraft:stone":67,"minecraft:deepslate_emerald_ore":1,"minecraft:oak_leaves":2,"minecraft:fern":2}},"DataVersion":3465}