{"stats":{"minecraft:dropped":{"eyesoficeandfire:eye_of_fire_dragon":1,"minecraft:bucket":2},"minecraft:used":{"minecraft:torch":10,"minecraft:water_bucket":1,"minecraft:crafting_table":1,"minecraft:cauldron":1,"minecraft:barrel":2},"minecraft:crafted":{"minecraft:leather_helmet":2,"minecraft:leather_leggings":2,"minecraft:leather_boots":2,"minecraft:leather_chestplate":2},"minecraft:custom":{"minecraft:open_barrel":12,"minecraft:time_since_rest":13902,"minecraft:fill_cauldron":1,"minecraft:crouch_one_cm":606,"minecraft:play_time":13902,"minecraft:sprint_one_cm":3160,"minecraft:walk_one_cm":9602,"minecraft:sneak_time":299,"minecraft:drop":3,"minecraft:jump":38,"minecraft:leave_game":1,"minecraft:time_since_death":13902,"minecraft:total_world_time":13902,"minecraft:interact_with_crafting_table":3,"minecraft:fly_one_cm":49622},"minecraft:picked_up":{"minecraft:bucket":1}},"DataVersion":3465}