{"stats":{"minecraft:custom":{"minecraft:time_since_rest":19623,"minecraft:crouch_one_cm":4288,"minecraft:play_time":19623,"minecraft:sprint_one_cm":10105,"minecraft:walk_one_cm":20828,"minecraft:sneak_time":2580,"minecraft:mob_kills":2,"minecraft:drop":10,"minecraft:jump":116,"minecraft:damage_dealt":170,"minecraft:leave_game":2,"minecraft:time_since_death":19623,"minecraft:total_world_time":19623,"minecraft:interact_with_crafting_table":4,"minecraft:fly_one_cm":456063},"minecraft:crafted":{"minecraft:leather_helmet":3,"minecraft:leather_leggings":3,"minecraft:leather_boots":3,"minecraft:leather_chestplate":3},"minecraft:used":{"backpacked:crimson_backpack_shelf":2,"minecraft:crafting_table":1,"minecraft:iron_axe":3},"minecraft:killed":{"minecraft:sheep":2},"minecraft:picked_up":{"backpacked:crimson_backpack_shelf":1,"minecraft:mutton":2,"minecraft:white_wool":2},"minecraft:dropped":{"minecraft:leather_leggings":1,"minecraft:leather_chestplate":1,"backpacked:crimson_backpack_shelf":2,"minecraft:shield":1,"minecraft:iron_pickaxe":1,"backpacked:backpack":1,"minecraft:cooked_porkchop":64,"minecraft:leather_helmet":1,"minecraft:leather_boots":1}},"DataVersion":3465}