{"stats":{"minecraft:used":{"minecraft:leather_leggings":1,"minecraft:cooked_porkchop":1,"minecraft:iron_pickaxe":2,"alexsmobs:animal_dictionary":2,"minecraft:leather_helmet":1,"minecraft:leather_chestplate":1,"minecraft:leather_boots":1},"minecraft:picked_up":{"minecraft:leather_chestplate":1,"minecraft:leather_boots":1,"minecraft:cooked_porkchop":64,"minecraft:leather_leggings":1,"backpacked:backpack":1,"minecraft:iron_pickaxe":1,"minecraft:shield":1,"minecraft:leather_helmet":1},"minecraft:custom":{"minecraft:time_since_rest":5615,"minecraft:sprint_one_cm":12073,"minecraft:crouch_one_cm":465,"minecraft:play_time":5615,"minecraft:damage_taken":20,"minecraft:walk_one_cm":12571,"minecraft:sneak_time":290,"minecraft:walk_under_water_one_cm":557,"minecraft:mob_kills":1,"minecraft:jump":121,"minecraft:damage_dealt":80,"minecraft:leave_game":3,"minecraft:walk_on_water_one_cm":53,"minecraft:time_since_death":5615,"minecraft:total_world_time":5615,"minecraft:fall_one_cm":3957,"minecraft:fly_one_cm":21116},"minecraft:killed":{"alexsmobs:sugar_glider":1}},"DataVersion":3465}