{"stats":{"minecraft:dropped":{"sophisticatedbackpacks:netherite_backpack":2},"minecraft:crafted":{"minecraft:oak_planks":80,"minecraft:stick":28,"minecraft:torch":64},"minecraft:used":{"minecraft:leather_leggings":1,"minecraft:iron_axe":34,"minecraft:iron_pickaxe":37,"minecraft:shield":1,"minecraft:leather_helmet":1,"minecraft:leather_chestplate":1,"minecraft:iron_sword":18,"minecraft:leather_boots":1,"minecraft:torch":15,"minecraft:cooked_porkchop":17,"alexsmobs:animal_dictionary":2},"minecraft:custom":{"minecraft:time_since_rest":51895,"minecraft:sprint_one_cm":160649,"minecraft:damage_taken":1212,"minecraft:walk_one_cm":131421,"minecraft:damage_blocked_by_shield":25,"minecraft:mob_kills":6,"minecraft:drop":2,"minecraft:damage_dealt":959,"minecraft:damage_dealt_absorbed":58,"minecraft:swim_one_cm":5793,"minecraft:fly_one_cm":316466,"minecraft:crouch_one_cm":513,"minecraft:play_time":51895,"minecraft:sneak_time":385,"minecraft:walk_under_water_one_cm":1202,"minecraft:damage_dealt_resisted":52,"minecraft:jump":1720,"minecraft:leave_game":4,"minecraft:time_since_death":51895,"minecraft:walk_on_water_one_cm":4739,"minecraft:total_world_time":51895,"minecraft:fall_one_cm":69888},"minecraft:picked_up":{"minecraft:birch_log":5,"minecraft:allium":17,"minecraft:stick":2,"minecraft:crafting_table":1,"minecraft:raw_iron":4,"minecraft:leather_chestplate":1,"minecraft:cooked_porkchop":64,"minecraft:leather_leggings":1,"minecraft:torch":1,"sophisticatedbackpacks:backpack":1,"minecraft:oak_log":20,"minecraft:shield":1,"minecraft:dirt":1,"minecraft:leather_helmet":1,"minecraft:iron_axe":1,"minecraft:leather_boots":1,"minecraft:bone":4,"minecraft:arrow":1,"minecraft:rotten_flesh":4,"minecraft:bow":1,"minecraft:wheat_seeds":1,"farmersdelight:onion":8,"minecraft:iron_pickaxe":1,"minecraft:oak_sapling":9,"sophisticatedbackpacks:netherite_backpack":3,"minecraft:birch_sapling":2,"minecraft:iron_sword":1,"minecraft:coal":16,"minecraft:white_wool":1,"iceandfire:raw_silver":4,"minecraft:cobblestone":6},"minecraft:killed":{"minecraft:skeleton":2,"minecraft:zombie":1,"alexsmobs:blue_jay":1,"iceandfire:ghost":1,"alexsmobs:sugar_glider":1},"minecraft:mined":{"minecraft:large_fern":1,"farmersdelight:wild_onions":5,"iceandfire:silver_ore":4,"treechop:chopped_log":3,"minecraft:torch":1,"iceandfire:dragon_ice_spikes":2,"minecraft:grass":4,"minecraft:coal_ore":15,"minecraft:deepslate_iron_ore":4,"minecraft:tall_grass":1,"minecraft:stone":5,"minecraft:fern":1}},"DataVersion":3465}